"","IGF2R"
"H6PD",0.838004678894275
"STAT3",0.815428604202064
"EIF4G1",0.788827809172628
"PCBP1",0.787146692852769
"EIF4EBP1",0.781276286954911
"SLC38A2",0.774767652655348
"BFAR",0.774666168589246
"NPLOC4",0.763059936328101
"FLII",0.761612011013104
"PABPC4",0.757144937537813
"PPRC1",0.755716759829421
"DPP9",0.753338471010426
"GNG5",0.748048730442337
"SLC35A4",0.748000698547484
"TNFRSF1A",0.745358944330563
"FKBP5",0.744830593487179
"RBM7",0.744325144254426
"GRWD1",0.7424446268119
"MCMBP",0.740404484798619
"CTDSP2",0.735722198075664
"PPFIBP1",0.734833586685418
"ZBTB16",0.733571922466092
"HMCN1",0.733251664470433
"NNMT",0.73198031537725
"EPHB4",0.731764151089338
"TMEM109",0.731759471605647
"ADH1B",0.729399349364299
"KLF10",0.727729084381654
"HBP1",0.727482353713767
"CEBPB",0.727237810298024
"TRIP10",0.726338313968731
"SLC38A4",0.724716640638885
"SLC29A1",0.722938749266209
"CUL4A",0.722180867658588
"ADAMTSL4",0.722140815505382
"RXRA",0.721045307002353
"IFRD2",0.720194076124422
"AGTR1",0.71901204736174
"EIF3B",0.718886614709109
"C1RL",0.716368450139186
"CXCL12",0.716172747490249
"CTDSP1",0.7158193289959
"CHMP6",0.715514140581458
"FPGS",0.714844986318044
"RAF1",0.714573939600274
"ARAF",0.714069568373748
"FHOD1",0.713568568545233
"ECHDC3",0.713064160980286
"ESYT2",0.712021146126741
"PELO",0.711817990384389
"RBFA",0.710655268460786
"PTGIR",0.709807189975424
"GPR157",0.709405407247867
"RELA",0.708984813738364
"KLF11",0.708956842237145
"TXNIP",0.708086193924549
"PNRC1",0.708038162029696
"FZD4",0.706990152149061
"NFKBIA",0.706501141394397
"LILRB5",0.706363305373087
"MYC",0.706277939577238
"SZRD1",0.705608272252029
"MKNK1",0.70441717415262
"ZDHHC7",0.703540055834318
"INTS5",0.7022293766814
"CNBP",0.701522667813218
"THBD",0.701395409905663
"COQ2",0.701073770890977
"IMPA2",0.700989583106718
"PCMTD1",0.700413131162413
"PLIN2",0.700067262418284
"TNIP1",0.696063613542184
"AFAP1L1",0.695921809537998
"WDR26",0.694944167381721
"CCDC69",0.694750008028099
"CISH",0.694451117784363
"LTBR",0.694070194181063
"GBP2",0.691836603812578
"SPSB1",0.691795975568633
"EIF3G",0.691323062620814
"NRP1",0.69065061609287
"FBH1",0.68875222296383
"POLG",0.687819763325074
"ANGPTL1",0.687723685693655
"AMHR2",0.686397041778517
"FAM180A",0.68626121328814
"G0S2",0.685943490397266
"LPCAT3",0.68520921113135
"LMNA",0.684070246497994
"LATS2",0.683384979315145
"MAVS",0.68329129306593
"CITED2",0.683253704285491
"CD55",0.682951441016153
"VCP",0.682693712949625
"TEAD4",0.682458079872916
"GHR",0.681154204376878
"ARHGEF15",0.680885821549058
"PRICKLE3",0.680565291950638
"AHNAK",0.680100886278455
"HIPK3",0.679525368240236
"PNPLA2",0.67921902511783
"STK40",0.679187300436762
"TNKS1BP1",0.678891386515662
"PABIR1",0.678827268514176
"DCAF5",0.678387027400198
"ZFP36",0.678354451010474
"RREB1",0.67788060498495
"NOM1",0.677724115575607
"DDX23",0.677644065077665
"BRI3",0.676329334073538
"FOXO1",0.676225488333922
"MAPKAPK2",0.676225488333922
"KLF9",0.674632541994894
"YBX3",0.674175676158254
"DEDD",0.673416446224959
"DELE1",0.673319419144818
"AKT1",0.672903269218233
"PDLIM1",0.672590623628101
"CD93",0.672414640651643
"JUN",0.672054392790732
"DLST",0.671678017625892
"MGAT1",0.670989760373388
"NUCB1",0.670397252630544
"CCL14",0.669997130246345
"HPS6",0.669765996099405
"NAMPT",0.669052327283144
"TGFBR3",0.66884428172857
"CPED1",0.668428135291244
"TRIOBP",0.668427897657566
"SRSF4",0.667883574630425
"PIGW",0.66785287576977
"TNS1",0.667587319315441
"ABCA6",0.667563415840673
"IMPDH2",0.667547274668524
"PRXL2C",0.666970981361467
"PSME1",0.666554608780831
"TCEA3",0.666050261775556
"ARHGAP17",0.665946169218745
"MRPS30",0.665665557707938
"MMRN2",0.665065104308709
"AMMECR1L",0.664864502842287
"ABCD1",0.664681017672104
"CD36",0.664657303380035
"HSPG2",0.664496918298232
"USP53",0.664328958367289
"MYO1C",0.663560627395716
"CAST",0.663224404131745
"CFD",0.662952130171725
"BLVRB",0.662648021393507
"HLX",0.66212711452811
"PEAR1",0.661517765103077
"ECH1",0.661222940439354
"P4HB",0.661014936968501
"RPF2",0.660365580147236
"PPP1R3B",0.660245953200172
"LIMD1",0.659875072257383
"PHACTR4",0.65882833804454
"JAK1",0.658780874875501
"ALG3",0.657307563030883
"FOSL2",0.656947999156548
"CYYR1",0.65634533637328
"CCDC71",0.656289036225617
"OSER1",0.656147192118296
"YTHDF3",0.656033054069988
"LBP",0.655254165826511
"OLFML2A",0.654696999893544
"TNIP2",0.654577781321117
"NFIL3",0.654369926663803
"CD300LG",0.65378372349188
"CSRNP1",0.653297487499321
"ENGASE",0.653031325074136
"OXA1L",0.652897546738326
"SRPX2",0.652405775008671
"PER1",0.652129036420676
"AKAP13",0.652054865029535
"BRD4",0.651654904206557
"UBE2B",0.650797466493495
"RRP9",0.650598393140388
"TMEM150A",0.650574056810984
"ACSS2",0.650558433597197
"FBLN5",0.650511570708279
"SERBP1",0.65049595199567
"NPR1",0.649753755441289
"LTV1",0.649726210475484
"DNAJB12",0.649674490302052
"C1R",0.649598942793972
"ZBTB42",0.649073555887791
"GALNT2",0.648973228819179
"RPS6KB2",0.648926480120273
"RAB1B",0.648173514673813
"WHAMM",0.648004443905744
"DPH2",0.647727275718122
"RBCK1",0.647621121356876
"RPS16",0.647566006409631
"MLXIP",0.647508115312222
"LIMS1",0.647492566472297
"GUCD1",0.647453001651721
"NMD3",0.646837042526991
"TBC1D15",0.646319784760258
"PLSCR3",0.645662671048967
"ANO6",0.645282940146564
"HECTD1",0.644763086369245
"ZNF277",0.64475744968903
"GCN1",0.644638224272125
"TRAF6",0.644127285524969
"UBAP2",0.644123585522739
"MAP3K20",0.643802402339789
"RNF139",0.643701675299238
"DUSP1",0.643627391031676
"MYH9",0.643594811778796
"BICC1",0.643546995091478
"TMEM140",0.643500612768861
"SQSTM1",0.643002976398585
"BCL3",0.642874316056975
"PMF1",0.642464281927617
"MUL1",0.6424059011179
"ADAMTSL3",0.641997283160549
"RPS15A",0.641706115237551
"AKAP8",0.641692089834185
"NFIC",0.641658083342698
"FNDC3B",0.641206712716017
"NKIRAS2",0.641189472598263
"GYPC",0.641129732499314
"GTF2IRD2B",0.641117412644049
"FTSJ3",0.640377639697597
"EIF5A",0.639848234025326
"INPPL1",0.639776184453144
"FHL3",0.639612811760839
"GNL3",0.639309225066011
"BCKDK",0.639199787875687
"USP38",0.639077204713197
"PSMD3",0.638726114201724
"ELOA",0.638550355732018
"NID1",0.638383226057623
"TNNT3",0.638289695668145
"RNF31",0.638195666697416
"RPL10",0.638055691228715
"CCN5",0.638019766498419
"RPL29",0.63767143606989
"CRTC2",0.637481685976964
"TMEM161A",0.637291643260941
"PRR33",0.63721453046266
"CAT",0.637191117121359
"CAV2",0.636758830067681
"GIPC2",0.636263290501178
"MLX",0.636186777034355
"BTF3",0.635990319750031
"FGD5",0.635968390592189
"TINAGL1",0.635924793298252
"PLEKHF1",0.635920349468863
"PHB2",0.635702128380912
"RPUSD4",0.635638617493444
"CAVIN2",0.635044929213185
"ABCB7",0.634917966024308
"TLN1",0.634789522378703
"EIF3A",0.634747955362169
"HDAC3",0.634715162066968
"TMEM43",0.634156317822939
"BCL6",0.634036235202635
"KLHL20",0.633978764004726
"CDH5",0.633865746919576
"ZBTB7B",0.633826508001184
"WBP1L",0.633571117426086
"RIPOR3",0.633334937588912
"SLC8B1",0.633206026000933
"PPP1R14B",0.633204469848551
"AP5B1",0.633096293524868
"COQ8A",0.633016291340674
"PDK4",0.632979508143964
"ZFP36L1",0.632964310374285
"NFKB2",0.632256523887345
"PKDCC",0.632236368733463
"ZNF330",0.63188107612744
"FCN3",0.631621944350128
"SRRM2",0.631571385423545
"SLC19A2",0.631434817256818
"CCL16",0.631389494499833
"RPL7A",0.63118713026472
"ERG",0.631026448090974
"ECE1",0.630769987930379
"EEF2",0.630754843211042
"NLRX1",0.630482825613496
"PSMA7",0.629506013944861
"BCL6B",0.629434797819827
"SLC43A3",0.629416158998689
"VPS26C",0.629395660091867
"PHLDB2",0.629254242110794
"EFNB1",0.629232930390494
"NPR3",0.629225640191024
"SPRY1",0.62907991958838
"NOP16",0.628950919478098
"ADRB2",0.628855577976362
"DBR1",0.628712917762749
"TBC1D4",0.628608500764915
"PTPN14",0.628555643878685
"MCL1",0.62840128036324
"CARS2",0.628258419351687
"DOCK6",0.628194660854963
"FAT4",0.628134071382685
"SERPING1",0.62763277004559
"NHEJ1",0.627471234176571
"MAP3K3",0.627224906146822
"CCN1",0.626768195938234
"MEOX1",0.626583919533941
"IRF2BP2",0.626525134055282
"BCL9L",0.626492142876368
"ESYT1",0.626365987205167
"RANBP10",0.625952002209899
"PLEKHH3",0.62578662320584
"PLAGL1",0.625372285537508
"LAMB2",0.625102088252052
"SLC10A3",0.624921945289381
"HSD3B7",0.624852867172044
"PPTC7",0.624798829418849
"RPS2",0.62470282445955
"HEBP2",0.624540687549201
"NEDD4",0.624516478883703
"FABP4",0.62445656540457
"EIF2D",0.623895083586847
"RRP36",0.623772140325636
"DBT",0.623501719089041
"AMOTL1",0.622841368236082
"IGFBP4",0.622667353691762
"STEAP4",0.622405345945232
"SLC25A3",0.622397293506601
"MMP19",0.62237994867151
"CARD6",0.622264395884265
"ASPN",0.622246779881944
"POR",0.621970857770407
"NEXN",0.621306750656954
"F2R",0.6210243105602
"AOX1",0.620982079225394
"FASTKD2",0.620982079225394
"TSC22D3",0.620908304766155
"WNT11",0.620526473859894
"MYL12A",0.62052404960733
"SGCA",0.620494965811496
"RPS5",0.620476017712477
"ARNT",0.620447775535697
"OSMR",0.620355025511175
"DDX54",0.619896255078081
"MAF1",0.619001891140633
"ITGA1",0.618909189713004
"PALMD",0.61885088679185
"EHBP1L1",0.618845181043159
"TMEM204",0.618815459592668
"FLAD1",0.618787985150878
"RNF122",0.618559177674924
"ERGIC1",0.618329428466933
"ARHGAP10",0.618157808664663
"PSTPIP2",0.618030699930891
"PIM3",0.618022876236698
"RPL39",0.617642135916143
"UBE2D3",0.617632949269173
"CTDNEP1",0.617575728335647
"RRP15",0.617378079087358
"NIBAN1",0.617221096750379
"DDX3X",0.617161816967612
"ACADVL",0.61682559370364
"SLK",0.616502522931016
"THBS1",0.61641006377327
"CAV1",0.616297242860256
"DHODH",0.616094457423863
"RPS26",0.615912987701431
"NEURL2",0.615624964898736
"SLC39A1",0.615543511675891
"LRRFIP1",0.615240541173488
"TBRG4",0.615155526888112
"ISM1",0.615085203022072
"GTF2IRD2",0.614739724888505
"SLC43A1",0.614675161803864
"CLEC14A",0.614636383715737
"DNPEP",0.613714431635368
"HYAL1",0.613584497277421
"MMADHC",0.612907110939076
"SLC2A4RG",0.612709561836728
"AK2",0.612493413120182
"CES1",0.612149311049926
"EIF4B",0.612147863569222
"LAMB1",0.612037099163028
"MAPK14",0.611985117332075
"ITGA9",0.611879720049465
"DRG2",0.611740971309379
"PML",0.611676851302118
"EIF4EBP2",0.61109111113682
"NOL10",0.610973647088156
"RIPK1",0.610613304041472
"SNRPB",0.610533415477883
"HYAL2",0.610500041623143
"COL6A2",0.61048538358303
"TFPI",0.610418632316201
"ST3GAL1",0.609832848225012
"TGFBR2",0.609779545901322
"C1orf174",0.609450824707688
"IRS1",0.609219977594292
"ACKR3",0.60916035325631
"NHLRC2",0.609159515878856
"SUCLG2",0.609107083227622
"TNXB",0.609074753003452
"EHD2",0.608953589171281
"USP19",0.608805309679835
"RBMS3",0.608787565938271
"ATF7",0.608785469466126
"KLF4",0.608785469466126
"ASCC2",0.608714453232381
"MED12",0.608301905097558
"PREB",0.60829571686798
"PCOLCE",0.608127593125804
"NCK1",0.608055540093444
"COL15A1",0.608018834105345
"AVEN",0.607346193751534
"MAP2K3",0.607267246627871
"PLIN4",0.607229502998019
"EIF4A1",0.606882991469046
"DDI2",0.606728372749557
"STIMATE",0.606553439048828
"RARS2",0.606427445409574
"SLC16A7",0.606303345326362
"SNX33",0.60604314411337
"RDH14",0.605823284223993
"LIMS2",0.60556717796745
"THOC6",0.605548883715877
"RECK",0.605112687081092
"ALS2CL",0.605088043992312
"STYX",0.60504212293341
"MOB3C",0.605039395567455
"XG",0.604987583530424
"NOP14",0.604837742676814
"LTBP4",0.604640009752331
"HSPB7",0.604534975887956
"CEBPD",0.60427976189142
"POLR3E",0.604203699952614
"WDR46",0.604155166458831
"DVL3",0.604036037604833
"RUFY1",0.604035075187769
"COL4A2",0.60391951403051
"SPNS1",0.60324247279876
"HTRA3",0.603108262237071
"BYSL",0.60282105543404
"ASB9",0.60273672497895
"COLGALT1",0.602719001296133
"EEA1",0.602412558685032
"ERN1",0.602334690770459
"ACACB",0.602219244472213
"MRC1",0.602137882030461
"RBMS1",0.602017541833927
"AFF1",0.601796697627815
"MAP7D3",0.6017871313456
"FBXO38",0.601734409532046
"MAP3K14",0.601600456979745
"DMAC2",0.601518208897857
"KLF6",0.601493845100379
"MAFB",0.601417085478617
"STN1",0.601306572728975
"E2F4",0.600638907135505
"ADAM15",0.600427518409861
"PARD3",0.600417918663191
"GKN1",0.600321835572906
"DES",0.600139313201024
"ITGBL1",0.599980784186221
"POLM",0.599774171518227
"ACOT9",0.599716575314305
"GIMAP8",0.599298619215055
"LAMC1",0.599005760713136
"CDC37",0.599000875693427
"MKNK2",0.598530167451686
"TPT1",0.598333314185193
"JUP",0.59828528229034
"RBM28",0.598159804659101
"YARS2",0.597770212844516
"SUPT6H",0.597669950245338
"TRMT2B",0.59761224163871
"LAMA2",0.597415077804832
"TNFSF14",0.597229935927683
"RPL27",0.597050788149148
"ADCY4",0.596721568376898
"SVEP1",0.596564977868372
"EIF3E",0.596315974601362
"DPM1",0.596310895818621
"MEOX2",0.596132133680402
"FILIP1L",0.59609012718672
"STAT5A",0.595907197425996
"ASXL1",0.595844850501339
"NCOA3",0.595618439240767
"EEF1D",0.595537747133323
"SRF",0.595470277107744
"TMBIM1",0.595163209124888
"AAAS",0.595132850348203
"IER2",0.594682890176356
"ITGB1",0.594490762596944
"ADGRL4",0.594345973410168
"FURIN",0.594202571227825
"SIX5",0.594183072218399
"EXOC3L1",0.593927525209917
"EIF1AX",0.593894867009562
"GNL2",0.593697464972824
"ENG",0.593674220384441
"TCIM",0.593386029015322
"NAA50",0.592607731197917
"RIN3",0.59212012165797
"TMEM131L",0.591809783793655
"SLAIN2",0.591755351264992
"ALDH16A1",0.591751939660792
"ADSL",0.591651466392617
"TBXA2R",0.591571479988003
"ATF1",0.591482310392131
"EMP1",0.591469139835186
"EARS2",0.591230501366185
"THOC5",0.591199506547499
"TINF2",0.591132900424876
"PPARG",0.591078334985211
"PIM1",0.591046657133971
"MVP",0.590936402377814
"SURF4",0.590796661014567
"LYVE1",0.590195044999323
"IL32",0.590148199294684
"CD163",0.590023796375605
"SVIL",0.589984396473512
"FYCO1",0.589980079589529
"CITED4",0.589941897027179
"MAP3K7CL",0.589925292634594
"CNPPD1",0.589893863979058
"ATF4",0.589591509321927
"ITPRIPL2",0.589580385199653
"HDAC7",0.589389516973783
"KLHL24",0.58926555454833
"DCUN1D3",0.589123117584587
"KANSL3",0.589118424893168
"ANAPC16",0.588769345098182
"APOL3",0.588769345098182
"HMCN2",0.588751835275085
"DDX21",0.588673274388368
"FMO2",0.588638002120574
"ART4",0.588469472578738
"RARA",0.588048814774573
"KLHL36",0.587949839721548
"PDCD1LG2",0.58789623241847
"CARD10",0.587619207933359
"TOR1AIP1",0.587568461225501
"PRG4",0.587094098435743
"HNRNPAB",0.587049993299689
"AVPR1A",0.586825958980527
"COL4A1",0.586603600182741
"FAM20A",0.586561069320546
"KLHL30",0.586551164486216
"HAL",0.586425353501271
"PECAM1",0.586089309270234
"BCL2L12",0.586084288440251
"EIF2A",0.586079365223376
"PPP1R15A",0.58594108531309
"PXN",0.58594108531309
"MIF4GD",0.585186625263159
"SAA1",0.585088755930838
"MAP1LC3C",0.585003720006139
"INO80",0.584830869508039
"ABCC1",0.584534447967714
"ADAMTS15",0.584090733174522
"PREP",0.584023838606904
"RPS6KB1",0.583967907156404
"MYOC",0.583530172778465
"CD151",0.58316923724206
"ATF3",0.582702898066402
"RSL1D1",0.582542698698247
"GJA4",0.582534778361247
"DHX37",0.582338127657047
"EGR1",0.582328658899935
"NATD1",0.582043684283074
"GATA6",0.581968516416628
"TICAM2",0.581826757531192
"PACSIN2",0.581560130129993
"CCN2",0.581440047509689
"ZNF280D",0.581162913186775
"NUBP1",0.580905496381223
"SMAD3",0.580805547108227
"MYZAP",0.58078928192486
"NTN4",0.580695535263807
"RPS9",0.580561513089542
"DHX38",0.580408831465443
"MEGF6",0.580360790342117
"SMAD5",0.580302667016072
"S100A4",0.580273321720423
"SERPINB2",0.579822180868375
"SPON2",0.579744970877039
"NME2",0.579696938982186
"RND3",0.579594592310897
"DPT",0.578935999535806
"SBNO2",0.5785656014348
"TWIST2",0.578247895112574
"ABHD5",0.578215451909434
"UACA",0.578157281307583
"FAS",0.577776712889736
"NDUFV3",0.577724942349354
"STIM1",0.577539221408077
"RPS14",0.577535503713796
"ITGA5",0.577261172323126
"HECTD3",0.577152193286546
"POLR3C",0.577115265164287
"TRIM25",0.577010845191877
"TRMT10C",0.57683255940373
"RCN3",0.576818708385985
"RNF217",0.576649543293494
"FTSJ1",0.576604285447055
"MYCT1",0.576486137606141
"CALHM2",0.576376223532111
"LDAF1",0.576280152822297
"MOCS1",0.576225594432481
"PTX3",0.576150667819737
"RRAS",0.576142578763056
"POLR3D",0.576024813591189
"PTBP1",0.575998483078497
"PDCD11",0.575984883612934
"PALM2AKAP2",0.575954092759475
"DDX20",0.575885887189278
"KDM6A",0.575804165731766
"ABCF1",0.575645498708707
"RPS3",0.575507966066695
"THRAP3",0.575497767845484
"PLEKHA4",0.575463551788873
"CCL23",0.575259663951109
"ELL",0.575169365964424
"PCYT1A",0.57497658522404
"STOML2",0.574797685707169
"ITSN2",0.574791056820172
"MFAP5",0.57466738772457
"PCOLCE2",0.57460607490431
"JUNB",0.57450949433805
"GPBAR1",0.574123130099684
"PCIF1",0.574036275676475
"COL12A1",0.573686243657305
"CAVIN3",0.573494102237676
"MAMDC2",0.573398352275746
"ZNF282",0.573364081867973
"IL17RC",0.573353515105036
"SCN4A",0.573325713250789
"RPAP1",0.573152352932681
"SEC13",0.573144091973317
"PLP2",0.572601966655349
"TMEM255B",0.572537252287401
"RPLP0",0.572505900559107
"PKN3",0.572372547639248
"PSMB1",0.572155931490248
"ITPRIP",0.572087339540916
"TRPC4AP",0.572018742322633
"ZC3H12A",0.571891816628907
"GIMAP6",0.571840328751233
"DHX16",0.571812864815922
"FGB",0.571768931916903
"PCDH12",0.571668975867147
"WDR81",0.571442304221536
"APH1A",0.571435453067451
"ITGB5",0.571305074356071
"EIF3L",0.571209008259828
"COL6A3",0.571085441151591
"NOD1",0.570896600752559
"MXRA5",0.57085529866381
"YIF1A",0.570718364798941
"GBE1",0.570666797407265
"G3BP1",0.57052622799305
"ZNF524",0.570419839523612
"CSDE1",0.570406142489368
"SEC16A",0.570268781284533
"STBD1",0.570255085904393
"GIMAP5",0.570238022784213
"APPL1",0.5701520516353
"FBXL12",0.570104010511974
"MAN1A1",0.570056215104915
"TCIRG1",0.569942841101227
"RASIP1",0.569760737964831
"TSC22D2",0.569596237864604
"FCN1",0.569502867287528
"REXO2",0.569493492661385
"TEAD1",0.569356043786058
"SH3GLB1",0.569239653286851
"GRK5",0.56921192733893
"PLOD1",0.568690566746951
"MBNL1",0.568615223661272
"ATL2",0.568361411796852
"RBIS",0.568313379901999
"ADAMTS2",0.568099928592189
"DUSP22",0.568018071778249
"TAB2",0.568004432415729
"PLS3",0.567932381113519
"IFITM2",0.567833060953468
"XPNPEP2",0.567570103104847
"BTBD7",0.567547624786094
"SOCS3",0.567448805794643
"CCNL1",0.567441647519362
"LARP4B",0.567392250381445
"DCN",0.567208646320377
"ZNF784",0.566726728198625
"SDHD",0.566199976528462
"DDX19A",0.566154216363184
"EIF3F",0.56582930687023
"RIN2",0.565773996227408
"AGPAT2",0.565767689474784
"TNFAIP2",0.565589141629623
"AOC3",0.565400144935804
"EPAS1",0.565300943340895
"SQOR",0.5652393386314
"DPYD",0.565224705635062
"FAM25A",0.565014506577882
"FAM120A",0.56477568532201
"SYNE2",0.564621120025213
"PHETA1",0.564538604123362
"ELK3",0.564497935708215
"SHMT2",0.564473918607479
"LDHA",0.56447082831375
"PPAN",0.564332900974664
"POLR1H",0.56432981600306
"MRPL42",0.564315055151167
"GARRE1",0.56424607861772
"EIF3K",0.564230668839485
"SERPINE1",0.563969559492014
"LEP",0.563910852150036
"POFUT1",0.563728081361585
"SERTAD3",0.56371454110959
"AREG",0.563268642107937
"TCF7L1",0.563183055967419
"OTUD1",0.562896408518809
"FLT4",0.562650139329298
"TEAD2",0.562555550162946
"FBLN2",0.562472984656266
"MIDN",0.562432465044885
"WIPI1",0.562339385875034
"SCARA5",0.562249216428141
"MOB2",0.562238701496109
"INMT",0.56216361429742
"LSP1",0.562096225634576
"FBL",0.562021201676241
"HAND2",0.562003214611355
"RNF168",0.561839134316249
"ADGRG3",0.561696230532249
"HTRA2",0.561591512231281
"DHRS4",0.561554365587425
"ASB2",0.561344296705904
"LMCD1",0.561290183822757
"SLC25A30",0.561228171168467
"DAG1",0.56113554160512
"ADIPOQ",0.560934295251383
"COPZ2",0.560881902913725
"B4GALT1",0.560847336396283
"APRT",0.560737803769361
"EGFR",0.560706144588591
"TMEM185B",0.560691985369877
"ABCC9",0.560636998734828
"RPL13",0.560580244830648
"B4GALT3",0.56048232387832
"CILP",0.560299149280893
"SELENOO",0.56023257513527
"MTG2",0.560101879572842
"NRBF2",0.560009615216431
"ATAD3A",0.559929864229344
"EIF4E2",0.559886652366827
"KIAA0040",0.559772300052062
"DIAPH2",0.559746313046992
"FOXN3",0.559635902346934
"TICAM1",0.5595186684417
"ZNF581",0.559502378755045
"TAP2",0.559318778325243
"PSMA2",0.559248779277597
"SCAF4",0.559075737224278
"CDV3",0.558960580988868
"ISY1",0.558958469900296
"MCEE",0.558843318990964
"MORC3",0.558828483913209
"SAA2",0.558734505621217
"VSIG10",0.558600975442823
"EIF2B5",0.558579124538975
"RHBDF1",0.558362965441892
"YTHDF2",0.558355154988639
"SLC35F6",0.558291493662908
"STAT6",0.558168035694865
"UFD1",0.558112173133651
"CD34",0.558088154879439
"VEGFA",0.55799992002644
"CTSB",0.557938490613727
"SOX17",0.557917747669838
"RNH1",0.557882611892819
"PSKH1",0.557816105572393
"RNPEPL1",0.557581010696133
"GCOM1",0.557569456517343
"CCBE1",0.557491530861354
"LEPROT",0.557183358208376
"BAG6",0.557148702882878
"STX11",0.557087948782395
"ROBO4",0.557076967425771
"TNFSF10",0.557073916506371
"SETD7",0.556788446371832
"FMC1-LUC7L2",0.556756502875235
"DHRSX",0.556671077880907
"SEC24B",0.556612389889158
"ZDHHC3",0.556270730294069
"DDB2",0.556124043624051
"LACTB",0.556073421748884
"ZNF787",0.556038626701776
"SGF29",0.555846466823871
"HDHD5",0.55571302012463
"KLF2",0.555550234572248
"SYPL2",0.555456789546052
"HSPB1",0.555152640712247
"NCOA4",0.554963146715866
"FCGR2B",0.554810812251761
"F10",0.55479221779134
"PA2G4",0.554781705802306
"POLR1E",0.554773635798127
"SNX17",0.554749617543914
"LRRC2",0.554671638256951
"TAF8",0.554517283784387
"NSMCE4A",0.554413361984941
"RPLP1",0.554192002815185
"SNX2",0.55417837812934
"RPS29",0.554143970920332
"SLC26A6",0.554063161748601
"C14orf28",0.553860220707038
"SHC1",0.553567588182094
"TRIAP1",0.553511394596259
"HDAC6",0.553473623522629
"TXNRD3",0.553433286226989
"IL13RA1",0.553199164789362
"DDIT4",0.553183333023269
"RPL8",0.553087269233563
"CELF1",0.553044321494834
"VARS1",0.552961527575222
"CD248",0.5528736589518
"HNRNPA0",0.552838302223086
"EEF1G",0.552654982179885
"ACSF2",0.552633487944436
"MRM1",0.552573421689257
"ZXDC",0.552371114845042
"MOGS",0.55233633777086
"KLF8",0.552280049945726
"MIDEAS",0.552151674410873
"TSPO",0.552094351626496
"GTPBP2",0.552022298594135
"SHE",0.551867427038426
"FBN1",0.551811109387874
"FNIP2",0.551808623686611
"MPG",0.551768872317926
"ENPP1",0.551604015860671
"HECA",0.551055705113137
"HAUS4",0.550957177369414
"EIF2AK3",0.550863540619832
"SNAI2",0.550719417249854
"RPL7",0.550541578806348
"KCNJ8",0.550463569149898
"CALCOCO2",0.550389096527288
"DHX29",0.550377168751355
"DAXX",0.550308653357339
"ZYX",0.550301419332083
"PHETA2",0.550204180313069
"VEGFC",0.550118903208276
"DNAJC21",0.550110502546363
"SDE2",0.550098530945508
"ABRAXAS2",0.549914714295779
"TRIM63",0.549893814204266
"FRMD8",0.549542409728362
"ARL5A",0.549443954674573
"RALGAPA2",0.54937426579672
"GMPPB",0.549177382566636
"RCC1L",0.549171271351992
"NAGLU",0.549118514613185
"CYP4B1",0.54899422956339
"HMG20B",0.548956526276196
"NEK9",0.548937200024512
"ADAMTS5",0.548779338462256
"PMPCB",0.548371611621184
"SMAD4",0.54807785731369
"WNT9A",0.548034432625829
"IRAK1",0.547985029493126
"WTAP",0.547952451601804
"TPRG1",0.547742789146861
"UTP11",0.547708888103958
"BCAM",0.547707697010015
"NSUN2",0.547594460269766
"WDR4",0.54758645168946
"LIFR",0.547528715535972
"ADAMTS9",0.547478921102493
"SOX13",0.547360599867547
"HYCC1",0.547337065043705
"ECHDC2",0.547172989301153
"EMD",0.547109554775066
"SPSB3",0.54702662168378
"NFYC",0.546869383767702
"CLUH",0.546808219814151
"ABCE1",0.546725281163283
"PTEN",0.54669037419943
"FST",0.546454652791282
"ELANE",0.546383938556234
"EIF4EBP3",0.546306091360172
"SERPINF1",0.545799525803602
"APBA3",0.545773379292205
"MCCC1",0.545620526262801
"RWDD4",0.545362831998983
"ETS1",0.545347558144185
"MARCO",0.545319143982273
"FCHO2",0.545286425384227
"EXOSC7",0.545181593600164
"EMP2",0.545175096178023
"RIGI",0.544731493598151
"MEF2A",0.544622716124627
"RPL11",0.544585623844563
"HIBADH",0.544528783228603
"CLEC2B",0.544024412002077
"RBM8A",0.543987331679334
"DHRS4L2",0.543939297477861
"RRS1",0.543895471460154
"FBXW2",0.543890450663926
"LOX",0.543831833244267
"BACH1",0.543746697403674
"SMARCAL1",0.543488244313831
"RNASE4",0.543445906445652
"NOP53",0.543421889921592
"HLA-C",0.543410921261661
"COL6A6",0.543322613007285
"GALNT1",0.543205741205045
"HSD17B10",0.543205741205045
"KANK2",0.543205741205045
"PTPRB",0.543137825691013
"YME1L1",0.542965575964438
"CAVIN1",0.542856475629851
"SMTN",0.542834510843987
"LRRC41",0.542714425340305
"POLD4",0.542559333677406
"MED15",0.5425243261498
"MAN2C1",0.542138014922632
"RPL13A",0.541991901522495
"FOXJ2",0.541803778523428
"RBPMS",0.541764749761403
"SYNGR2",0.541620650617039
"EIF3H",0.541559614468817
"C1QTNF1",0.541476551472674
"TSPAN4",0.541441519001276
"ECSCR",0.541266336087857
"AAR2",0.54126237909491
"CHD1",0.541249164041465
"PIGY",0.541218296118381
"MMP2",0.541188353183946
"MYLIP",0.541061181333308
"GPN2",0.541041101311547
"INSR",0.541017079595909
"XRRA1",0.541000703158155
"HADH",0.54099622099146
"GSE1",0.540782025545838
"RIOK3",0.540758007868384
"BCOR",0.540702843036342
"IBTK",0.540655501214505
"NOP10",0.540515890510246
"FKBP15",0.540509380479977
"CCDC50",0.540445778061487
"TBC1D8",0.540399678955561
"VEGFD",0.540365219016478
"CHIC2",0.540351641293536
"IPO4",0.540271052166933
"USP15",0.540246452364743
"KRR1",0.54023347674412
"NFKB1",0.540144595561511
"ACSL1",0.539939493932789
"ETS2",0.539891460884668
"CD63",0.539878498148958
"NOTCH3",0.5398693538026
"DYSF",0.539841929672671
"IL10RB",0.53961621934531
"ALDH1B1",0.539549856076513
"INTS3",0.539420582300375
"SERTAD1",0.539235706336357
"FAM114A1",0.539198737404924
"CXCL2",0.539039808927637
"JMJD6",0.538956682059362
"FHL2",0.538908646704455
"DNAAF5",0.53886806956856
"SLC35E1",0.538836704750273
"DPH6",0.538801600908464
"PSMB8",0.538631518215118
"VAPA",0.538382097150491
"SLC35C1",0.538356240123022
"AAMDC",0.538210304200418
"RPIA",0.53810118737938
"ZNF799",0.538055252990384
"PUS7",0.53798655486874
"BRF2",0.537981070144821
"OXSR1",0.537831478270312
"CIDEC",0.537799629052375
"SLC40A1",0.537778006767326
"C6orf47",0.537764675794516
"UBA52",0.537717062880568
"SAR1A",0.537541438065046
"TMEM102",0.537446597270624
"DDTL",0.537246813952892
"MRPL11",0.537136680898517
"TUT7",0.537025920813731
"TGFB1I1",0.537011250185619
"RPL35A",0.536900520668065
"TRIP11",0.536744746138774
"CFLAR",0.536625213612412
"MRM3",0.536549040487266
"STAT5B",0.536543780850911
"TDRD10",0.53643183817369
"RPL27A",0.536372169824681
"ADGRE5",0.536337015323683
"TEAD3",0.536324137929828
